<stix:STIX_Package 
	xmlns:FileObj="http://cybox.mitre.org/objects#FileObject-2"
	xmlns:cybox="http://cybox.mitre.org/cybox-2"
	xmlns:cyboxCommon="http://cybox.mitre.org/common-2"
	xmlns:cyboxVocabs="http://cybox.mitre.org/default_vocabularies-2"
	xmlns:exampledata="http://stix.exampledata.org"
	xmlns:indicator="http://stix.mitre.org/Indicator-2"
	xmlns:report="http://stix.mitre.org/Report-1"
	xmlns:stix="http://stix.mitre.org/stix-1"
	xmlns:stixCommon="http://stix.mitre.org/common-1"
	xmlns:stixVocabs="http://stix.mitre.org/default_vocabularies-1"
	xmlns:ttp="http://stix.mitre.org/TTP-1"
	xmlns:xsi="http://www.w3.org/2001/XMLSchema-instance" id="exampledata:Package-bb5efeff-467b-4666-ab92-1fe38525dddc" version="1.2">
    <stix:Indicators>
        <stix:Indicator id="exampledata:indicator-559254c9-78f4-484e-b4e0-358f99cd644b" timestamp="2018-12-10T08:08:16.962031+00:00" xsi:type='indicator:IndicatorType'>
            <indicator:Title>Test Indicators</indicator:Title>
            <indicator:Type xsi:type="stixVocabs:IndicatorTypeVocab-1.1">Malware Artifacts</indicator:Type>
            <indicator:Description>This is a set of false indicators for testing purposes and should not be used in production.</indicator:Description>
            <indicator:Valid_Time_Position>
                <indicator:Start_Time precision="second">2018-12-10T08:08:16.962360+00:00</indicator:Start_Time>
                <indicator:End_Time precision="second">2018-12-17T08:08:16.962364+00:00</indicator:End_Time>
            </indicator:Valid_Time_Position>
            <indicator:Observable id="exampledata:Observable-7ca361f7-ecd8-4c29-8905-d00566d8b4d2">
                <cybox:Object id="exampledata:File-2c882c6a-345e-4d27-b117-d10ba838a748">
                    <cybox:Properties xsi:type="FileObj:FileObjectType">
                        <FileObj:Hashes>
                            <cyboxCommon:Hash>
                                <cyboxCommon:Type condition="Equals" xsi:type="cyboxVocabs:HashNameVocab-1.0">MD5</cyboxCommon:Type>
                                <cyboxCommon:Simple_Hash_Value condition="Equals">ee7c82b0d69f038245cecbce9ec45a9a
</cyboxCommon:Simple_Hash_Value>
                            </cyboxCommon:Hash>
                        </FileObj:Hashes>
                    </cybox:Properties>
                </cybox:Object>
            </indicator:Observable>
            <indicator:Indicated_TTP>
                <stixCommon:TTP id="exampledata:ttp-e43e0467-8db0-dc33-f6e9-c70786ab6a25" timestamp="2018-12-10T08:08:16.962460+00:00" xsi:type='ttp:TTPType'>
                    <ttp:Title>External TTP</ttp:Title>
                </stixCommon:TTP>
            </indicator:Indicated_TTP>
            <indicator:Confidence timestamp="2018-12-10T08:08:16.962300+00:00">
                <stixCommon:Value xsi:type="stixVocabs:HighMediumLowVocab-1.0">None</stixCommon:Value>
            </indicator:Confidence>
            <indicator:Producer>
                <stixCommon:Identity>
                    <stixCommon:Name>Cosive STIX Example Generator</stixCommon:Name>
                </stixCommon:Identity>
                <stixCommon:Time>
                    <cyboxCommon:Produced_Time>2018-12-10T08:08:16.962256+00:00</cyboxCommon:Produced_Time>
                </stixCommon:Time>
            </indicator:Producer>
        </stix:Indicator>
    </stix:Indicators>
    <stix:Reports>
        <stix:Report timestamp="2018-12-10T08:08:16.961774+00:00" id="exampledata:Report-20f7ac07-3541-48b8-98ff-19c561ba046a" xsi:type='report:ReportType' version="1.0">
            <report:Header>
                <report:Title>[TESTING] Test Indicators</report:Title>
                <report:Intent xsi:type="stixVocabs:ReportIntentVocab-1.0">Indicators - Watchlist</report:Intent>
                <report:Description>These indicators are automatically generated and should not be used in live environments.</report:Description>
            </report:Header>
        </stix:Report>
    </stix:Reports>
</stix:STIX_Package>